{"version":1,"hash":{"type":"Buffer","data":"orezbC1iD5s3MqGSiuO77M9OXTZKMNhPnQPP2F43zfjyzfFdqAtvtQIlUfaiqzvSCUhdW+s4ddeErPXq4Yw7cQvrkJUDnLUvZp/2K/SwrVG89bbGrbMWMFMjF1inXd//x0PumSq1HNsPz2dPH3fJCILNJxSdD2/TqqMirafcnGs="},"indexValueMap":{"lvNK7snb8L1/E006aLKPIeaZs0j+Zyk4g8+924AfHuc=":{"valueMac":{"type":"Buffer","data":"wLZ27h027Peb+U3s0gQ8ZeovtGevTlCtY+PBGFYpaps="}},"yPLRSe7tuqIDCkknzT8aB1yKHTPEMsVQDO5lmVo7UuI=":{"valueMac":{"type":"Buffer","data":"9jY7uYc5Ij6O0kqEth6k2JPa33vijKZPgVd1vBOS1Wc="}},"dTxcIY2G5EVeMrbJl0NagTbyuuUbFDg0InjGgxm+2Jw=":{"valueMac":{"type":"Buffer","data":"54NiucPBQjxiqiUMJ57r9NvlqrnNerZ7IxQ+ZlNzdVY="}},"eaDHNbaJqCeFfmXaoBA0Vk2oVPc1atrKmE9+4MzmnoM=":{"valueMac":{"type":"Buffer","data":"XKcrPWMu2zZlKRU7V5HnGDYPk3kytODo/tOsrpXhSzs="}},"14MYlU1aRPqTXmUftUsXUTlb/XcJqliFSEfiol6huOE=":{"valueMac":{"type":"Buffer","data":"D770uvPcAfLOLQXrR7qhtzgIvBxn2nTtIjx95kHWQRc="}},"Th/Ekv6mTf67np3Rci4I49LKPY2LkiKayXmyoTmqCFM=":{"valueMac":{"type":"Buffer","data":"T47ZuHPuLPC3aIvtRjGPsn66G8p1JVGAzqKSNrIEJUI="}},"kOpljmcT+txA/CGx1bv/jZ9sGv4DoYyk0+VbiFg3rjU=":{"valueMac":{"type":"Buffer","data":"1e2AkoQhiw6Hn9CosMMdb6T2SVl+mrkQFlyPutcZ3qk="}},"sNIaRVyIVv8OMV9yienMdDahrypnGOCgBsHOWnFuUrc=":{"valueMac":{"type":"Buffer","data":"NzPn7bYKRhPBN2wYBvraYdyiQYRdY8J9TuJsSlPVTVM="}},"bdyArfx4BmUcP0JRxpS+2lqE26st11BU9txcm5mCe/E=":{"valueMac":{"type":"Buffer","data":"RRLrIEvMHDeU1Q40NYxYconGmAG0G76Sm3UkkEXtz3E="}},"SmM2f5OMa1N2amU79+XtBW593BQ+wotXn8jv7EUc0jA=":{"valueMac":{"type":"Buffer","data":"TrMX+EBDmBPsqUjf9QIKtDqrVu/9nZkeqoOeijFtTUY="}}}}