{"version":1,"hash":{"type":"Buffer","data":"sLCi7nASFAZ4G706RvMNRhSn7FRrqcHNr8aZo5BRKdvUzDoFjZ5KqQpnw+lCoNdEWgnBMbu389Yy8obxGFdaGQGLU/nuXGXgjQ6ibHND/5EEk9YBgTcARn3l/O9OCBx7dI2AmyE2LqASZa6QKQroqbhAeLs5BtnV4IQVoA2VjqY="},"indexValueMap":{"A6dwWO/7AXoTv3od1UgVlxILW11hiaPmWEsmxtp4SlU=":{"valueMac":{"type":"Buffer","data":"wOZYW2z2QN8Q8Ji0ckUKbH0D/1Rd5P41Po2gic5hR0w="}},"Y2t6cCdft5v/rwGgVz0mOcTDH2zEt2Ug4mAVxNTX3Wo=":{"valueMac":{"type":"Buffer","data":"nF+r3KRe2Y9VyBRxH3XYP658YizTs539sIOUBEE5/oM="}}}}