{"version":2,"hash":{"type":"Buffer","data":"MpwsLtXne16hpRYks9yCvIE16RMnZNQ6F2AHrsNc7cpR0yo65KadH1QCaYDqPU3NAPvoLdMn+aWswVYGevk9NFEz/iPBfVGbdw9viiOnTGo0C9OOa/ScxJ3lyzvUQrJS9xHWPlfqRvt6PppjOmDBPwjJVK2DCPeEitqzEo2EmDI="},"indexValueMap":{"TJg8vD9vwr5xAs5topQnWDrtgiwToDLyndMKqKf4VRY=":{"valueMac":{"type":"Buffer","data":"joObsJDkO6/P06Suua6VkUsX0qa4MG7AELMSGYwXKV0="}},"nrED0nnp+nsbrH4abQkoykDkmkfHGygoIp+K9qqG2Ac=":{"valueMac":{"type":"Buffer","data":"iLV7rEfT+eiR07d95C83H+u1iEybQ7JOOfjXryQwfdE="}},"BzhCWJjUX7GNEWq6VGV6bZt2pBxqWW3Jf/G0j00FAFU=":{"valueMac":{"type":"Buffer","data":"2k4AT9gifxzidhAMqSgZov/hKn5pYA+UBd0kTygVdQg="}},"eU1oeb5jGXKh+9m4LW0VWIsFu+kBKDijTAygfKmeFZ0=":{"valueMac":{"type":"Buffer","data":"CalXPmGy5rUDI8XGfKwKWvah6pkbF7Hbk7onQrt3Ros="}},"ZF4AoMbVDO+gObVA6m+OYVWmMgLM18scPqxiW6znPws=":{"valueMac":{"type":"Buffer","data":"ZS3IcEur4XBFDCiJpvks5FM5SSNCHlJfzVEkRafOW6U="}},"qWGIldltyn182zNiO1Wl4lyKdvkTq3YRqsj75stFh7M=":{"valueMac":{"type":"Buffer","data":"zvLRZ/OFTqydWlPlDTmcmiMu4y8aQiSkUtW5o4gJVao="}},"thNphPNnQbgU/USPoJxZec1T6N2Yz0cX9XSJECN6xWk=":{"valueMac":{"type":"Buffer","data":"K2KLvs2dUIT/zNyUK8T0kT6YW4vHLxmeXIcQhK3ondA="}},"gDBoLZctiZkxKvA2D1Z5COkT3YM2mgiQ0qbJ/cUiO/8=":{"valueMac":{"type":"Buffer","data":"CR6jX0haPUyLKBrPK9SpQjygqSxc7/W+nv342q1tF5w="}},"4hhPubBB2wWqIXdlzLuHZZdEoX/9ZzsgSq57ozeFKPE=":{"valueMac":{"type":"Buffer","data":"X2FluhMVIxrLX0JQR7XQaUmHPBuOuqjyzKoF0r0CpQU="}},"q9TZPTyMYomkRnAPxHWbXSCI39rLagR+cZN3NBAdV3U=":{"valueMac":{"type":"Buffer","data":"RJYtObjKdOfuy8e9P31dime95EZ2U20N6x8+4OY8VvQ="}},"FIDQs6c4ngEYnCqUokMM2FhC/iWWVqBtS8YqVNRfMgE=":{"valueMac":{"type":"Buffer","data":"ZAWytDqZv0VT3cEquQE0cU0q/wZQZy3ZaIh/Z03xYJA="}},"rXVfWBzZg3MgMytfl+qF11t6u9UeVqgWY6cBSuBzeQg=":{"valueMac":{"type":"Buffer","data":"V8ARuwXZHPOv/kqUuAZAbbki37awbUpnJNWZ0Bsw214="}},"Dz+76X70Ly5YjJgQSyZ87edh6ZMSOAq9jJ/aVp8JMCY=":{"valueMac":{"type":"Buffer","data":"6BLra6fRKxZJzZ6qjs36xIbf6Ml5RxijG4KLDk8MY8Y="}},"q1aYJR/hUv/Dds7SIysNkEdWOjMYldKn2jaPOq8iXXc=":{"valueMac":{"type":"Buffer","data":"akq9vUc3zDzFSQtI6TUqL50DNuxK5OhBZBMOSfdwE4Q="}},"oMajGe1cOATH54hUc4DFJzdP1Fx6up7yf55u6hQA4I4=":{"valueMac":{"type":"Buffer","data":"dxGb2NCy2gHDyxS2dpyP+Eq33qu2HA4oQtG1LdqMbAY="}},"jN94Pa105IlvDZ9lxlxDX95BNSd2TZJdBPpQaaV5Kjs=":{"valueMac":{"type":"Buffer","data":"YkuQmMtuNFgTC8jzXm360etpKmWvpzNbS3cEMvUN4C4="}},"jUQsTQ+4MXxwcjaJ3Gad4YVnwkRHpWLUwV/XCNe7SAE=":{"valueMac":{"type":"Buffer","data":"/4Cg/i80qGIXtUuoI+o1qDykh3mFnMf9qXc8dnrdqWw="}},"DFMZaK0ww0vxSZPKNAKbuB+JXUCMWoD/qJ4k5yYsacM=":{"valueMac":{"type":"Buffer","data":"YLTOX4+bGb/ciYqLlS/yzyhD9Y+7/nVW73VUCuUG6u0="}},"46Qhufdlx2znISp05oQRpi40pCgTQglLP2dcFwGIm80=":{"valueMac":{"type":"Buffer","data":"XAmotfx2cyhbzcpGlW4D9KyDIemh6MOij+5AokzRcrM="}},"7RDsEMWs/+rz9r82T637H1WJ4MkZ2s/cK6vDJ8HqzIA=":{"valueMac":{"type":"Buffer","data":"wp4bw4FiWXBDLaikKnzJxfNypY889Vaqc+uevr1TgZ4="}},"6oZjYyODqltMsoEfmANNE9sRtxcQF+P/esvfM3AT52U=":{"valueMac":{"type":"Buffer","data":"Zlc49ZJgXEnhxtm57LgD3EEylNQn/b8+ocd5AoPkdy0="}},"lvqCQ5TBtJNXd8oPv3vuKPDwtWzRZ2PjZrerx9QReGo=":{"valueMac":{"type":"Buffer","data":"s6LF3h1Yggj/MY5n+hjMy1t5RDhdsWf4REaN7vriOBw="}},"TgDFxZzHCGlhhfVH59zwkpECq8RcBVzxKJzPxWyiyJc=":{"valueMac":{"type":"Buffer","data":"bL2QoXJXJeQD3BpCDoYyeVsMwyCF4UOc8WHIdapMVko="}},"1WEn/x7YbOBgLxfXENVH3T5ez5a7L2v4rKlFCS3lIJ0=":{"valueMac":{"type":"Buffer","data":"ih6zOUlhhhSgtzWYXYeIRq1DvAX03rcX8Z5pNqPvOyA="}},"nsYAFp7doC/OsyL2A3xgmsBO7pVBd6Q5XxzgNET1j+U=":{"valueMac":{"type":"Buffer","data":"jnc5Ew2QneccoCJllxjJnvi3afPEeTsUxTfKDzcr2SA="}},"AGLRr5gPLSKkOvQbionjguDsY24uJKvV6c7tyi4v8bM=":{"valueMac":{"type":"Buffer","data":"O5qjXgZBEQ8ektBcH7LF4zl3bvBKAg6uNHpRSyr48aQ="}},"FX+P+f3U3LTL7NuUS/Vo5h7Morv1Sg0mC0xAGlUukBg=":{"valueMac":{"type":"Buffer","data":"jJb89At92mzTFn8cTYKHyLRL6XI06vhCH8XyG6PzfAQ="}},"S15asw8VBwO7PL8CPVFohH/c4uEf/vtHsepGqcrXtQk=":{"valueMac":{"type":"Buffer","data":"ji98ChzcRrUtwht9XEvLVe4Ayi3qZjBX1gXm92SpDYs="}},"GHzMPWhTLeXKy1MuZdzYhBeKup6BTmKEOpDVSm1u42I=":{"valueMac":{"type":"Buffer","data":"ceQoHQppaXs4JUr2/SMitaNzIkhRXZlPyhQFP9PgJqo="}},"Gg+rhSB0YtzjXna42GzkxHsu3xpC6XcehD7BjMs5mvs=":{"valueMac":{"type":"Buffer","data":"HdFkywa5hRTyymmf0qUe6uMn96PHOm5QAXAwy0M9Bjk="}},"c/OkHvU74J+gI0Pw2qEQdGPc+5aD6q5B1sNwAhMwhLY=":{"valueMac":{"type":"Buffer","data":"kdTsAOMGuDcnTl21cz60rQe/kQ8FARBn4RZwwpK9GUs="}},"a+T0dMWiYEF+Krv+wWHJEvpmBDSWQz9d5zGLIEV6mq4=":{"valueMac":{"type":"Buffer","data":"H2XlJeJLh6zii/fZoI+VVLgdVid6RtomPOzNzJiDpcA="}},"jhrE/XeDyV60aGNXqDDtOofGct2AtcFN/6ZA1H/tE2E=":{"valueMac":{"type":"Buffer","data":"SUscLf9JHn3iYXwxkKVs25S+mbBpe/RpCjqa3IumB78="}},"oBnYSs1ri77y4Y3PWF50HTK5UsYdM3OL5MWrgJuyZGw=":{"valueMac":{"type":"Buffer","data":"Nt/9MrIPTlxptstCTCJrp+9GGFfOHk/xbk/V1D/q5Qc="}},"k3PbuYC+CQOYJCC1rab/KBgokQSeOtjjU5+cq2KXSYk=":{"valueMac":{"type":"Buffer","data":"AfW936rvu7G9mFxV3ASJ8ItpqcaT99VaUz41OtbS074="}},"5iE4fAck1BvD3kvgCiWU8/ge7WWbDSerGPFDSZpNmac=":{"valueMac":{"type":"Buffer","data":"UrFrkXD8SEq1vcbIDQo2dUl0rtfuEMV7+W0RGiGjgQo="}},"5IwaBdjbGyGNz8+1I8nTooSteHTDh+vO5x+iyG8yvF8=":{"valueMac":{"type":"Buffer","data":"W/4QqTLzslC/RsjG35e485gootuGPUdxOPSqUUzxy9k="}},"Bo/ljiA5vFaZQ6nLOpfBafbCveVV/sIu/yfLm7YZ9RU=":{"valueMac":{"type":"Buffer","data":"ehQ5IQ1ivfb72ihvoRM4qWSHp/+R6mVcgclj4v98C8Q="}},"SS8t+CSjkLDQSVPTCTXHfYdQdIExfUMFU84t+S9geA0=":{"valueMac":{"type":"Buffer","data":"fY2RHel0T0zkESKfHOTPfiumUD2Kq3JTk41jaW+/T1M="}},"wMgdb8222gOlxCqAG2lUWoY78NYev7DsHJsIrT/UdDo=":{"valueMac":{"type":"Buffer","data":"DvjWQFYVprP5G6Mu9QjXpi84zM2rqJrYjm7qqIFfdB0="}},"3K03ktsBB7sidsUl3M9naOvAAXn3cWItwySsTA/WWa8=":{"valueMac":{"type":"Buffer","data":"bHqW2+4WVViSgY+T6PDZTleSKpMO/4mkKC/ssRaGO+E="}},"u98H8GmXZ75IeJA7M5j7oN7tuNzsvQViNGYJ1Vfd8gA=":{"valueMac":{"type":"Buffer","data":"LMmHFbqWurq02lmActY9RKu+gcsb262d2Itb7LX2stM="}},"f+BE1l6nFJpFrXSV94DfSPe6b9T6RxdChVqLjGKM8Kc=":{"valueMac":{"type":"Buffer","data":"+EkxpLPrw9hJCz6++V7ToKMFmfdW6s5FUE6FCnuaOnU="}},"08ae+GvlC+DNGg2lV7FhWVWkEC6p8loXyumpzGt2SDU=":{"valueMac":{"type":"Buffer","data":"DjTH5r9IN8XdQJwBDS5TduotBz6/Ch5TRDQNSzNLLxU="}},"K4+0vGx7bIHFjOmh3vrLJ+ps16VPG7hmdD2xWHfUbTo=":{"valueMac":{"type":"Buffer","data":"CM/eUqKoIrDO06r6fY2gPNmb1AGCLo4Sejw2K6MycXQ="}},"l1SKCpqWr/qaATEkoWZNWDvgb7aVw9kyKEanscegA/c=":{"valueMac":{"type":"Buffer","data":"oiIB8E0F2rwEXfuwjE9f6DUbhG801Y9cOBSC3CxS4bg="}},"fM4+WGCvcbKhOPnleSaMZ7E/HNluwx/77CrnGpvDGZg=":{"valueMac":{"type":"Buffer","data":"Weun9wE/H0+8kT3c6dE5rTtLAJHFVU8qy497A3UyqA4="}},"h6ZsAQchwWSFsadyPfrijNtqUJJ6t7fyGnODkvLLE2I=":{"valueMac":{"type":"Buffer","data":"m0f1+18YPZlqRkqgqDeSQBcmbmAFx7g6AvuN3f+OFrk="}},"LCUaNalAY2QTsybk4TLq5GZCTqsbYLTkTzTGO1dvYtA=":{"valueMac":{"type":"Buffer","data":"TfxtMh1fo8fly3hpJ4ouAvXAlgxXhYKlCghnkUQwPAs="}},"bwF5Nido7i1+zxsZTIp8+HQFC9s5FH73ZD6jmmfeZ3s=":{"valueMac":{"type":"Buffer","data":"ny84MQQbLKcWDNYBJVWB5Edd5XEvIjzKLIf4+nv16k8="}},"xRNloNaeDajpGLumlIgvMjEjrstjrypX3KwdXF2hnKE=":{"valueMac":{"type":"Buffer","data":"HjNIuC6t8JSzyySmPZ4tDzfiZ8QTmoQzSGgqLIJxPpM="}},"FIDvAsP2oQJkdUGjZYPBuoVZbplnp678dc028eB4Pbc=":{"valueMac":{"type":"Buffer","data":"azgiwjRjsw0dcBFk15SSfCEGTLt/rTXwf9pm+xw8aJw="}},"OyvQvDCi9Ww0aSSAQXmhoekQybNclHpzhnUbxKb8CtA=":{"valueMac":{"type":"Buffer","data":"eLy8u+uzWpdnFmQ9CPRlTZPSTwQmQL35Y8nKc3QLM8c="}},"drhE2nqzHcrvlnwZ+0uHAqa/8+rMR4EKycM//mh4QsA=":{"valueMac":{"type":"Buffer","data":"2Ubp0I+AE8VhPwc0OI8CQainnHxon6FAF2YlkdaPBDU="}},"cyr58mQKzCVBGjruZeVwGgevhah9OdZf7aqQB3KB7Tc=":{"valueMac":{"type":"Buffer","data":"6foewig3Q9cwmr4SEXqvihEBnB0TzIt9CPgV+4NP+MU="}},"4qDyQN+qEotNeeJ4+gTv8RHiaSVkFnp/344/9vT3/Gg=":{"valueMac":{"type":"Buffer","data":"m5BD8j2YARsroXuUVzysP5PRvK6jVsc2LAo3LFmoOGg="}},"jJzIRK/iUWZ/K9tb38HFZcsy4DU9FFE+nne/dcNkNUc=":{"valueMac":{"type":"Buffer","data":"W39N7yEJsfc8xF4JqMtt6xa15+TxqOYhGvRDOK0GJ0A="}},"RLqy3OA4S4ZDnUR1FNNNk1QgRgdz/ve7/LqpGR5siA0=":{"valueMac":{"type":"Buffer","data":"kCYz5OfEf3REWswMxBL0FpVxREAQJlhHyb7TOkRAALk="}},"QY2Ueo9PSBF4XOdxJpCbq8ORQPWy4YkyKZAZeZj8v9k=":{"valueMac":{"type":"Buffer","data":"vuCfa1RNK7jfnf65+z4DjblHuJxVxpEeWKiRnQ9MXi0="}},"x7t12rDzUwoLcJmFcCaZvNYG45FKEOLq6uMg556gOB4=":{"valueMac":{"type":"Buffer","data":"kkCFc711sX/Fms99fydTZc4VBLe3pl8aavN7Jlu1/hI="}},"Dq9EcrpELX6ohIVqoVJrFkLYTwOQNbanY7qSMHo6WRM=":{"valueMac":{"type":"Buffer","data":"UyvdzPLNZ1nGcz6n2Yo77E/rUSCKX4q69tdFny8xQ8g="}},"7SJGP4TIw7pqFW21V+u4FfBJLVGSWqbo7bYhAe346+4=":{"valueMac":{"type":"Buffer","data":"gExtEgVWRVuM0pY4DnixGvLnIms2qOaX24QNMqFOPdw="}},"gcnmDnI98oQFUJefe01L7meXnoUNkhqpHKRp0SSlPPE=":{"valueMac":{"type":"Buffer","data":"Epd7Rkk6+qZ0irkJrLVyabpq2sL5UHEh/u/YEbqoi9M="}},"NiWSDL+9bny3BvqDtiohijUQL3Ki/l3UcvlPaWI5qew=":{"valueMac":{"type":"Buffer","data":"227hTkRk379Z34dwqiVdq4Ng/N5sFDeCpQ//Lc7qrYk="}},"MhXfNlesPwibRS0AIoMIr5XxUw3t16F9vv0bITjZ4Nk=":{"valueMac":{"type":"Buffer","data":"lAomqmlCTclK9abFeVyyyQPHfDTigGV82RmcikkVJFA="}},"rZDkg8kuEnnc42U8L/VRD9bwayLmDE7LX+scjTQf7xU=":{"valueMac":{"type":"Buffer","data":"2Jfwe2XbUEC1GmpHs2lb05p2Dd02iAuiSgUG54z1EbI="}},"KNgW7YkTwUjyrT2+BHDyDLXgO1gl+HUZcPIq2InfY+U=":{"valueMac":{"type":"Buffer","data":"Fr5WcmnpiNJV2jQa3/sJv1jVZ+6OzV6vSbkQse+7N+E="}},"TtiOv8Vd7k/TKRgcI9ebFxpQDdytm+xYtyukQezpG1Q=":{"valueMac":{"type":"Buffer","data":"Vw4mODRLLQ5eWAnhCHh8E4C2Bxo+tXMboj8H034JRQ4="}},"Boyv0KT6c5kryhRV3TljsBSRKz6RODNLXtJGfBDcAzI=":{"valueMac":{"type":"Buffer","data":"ZV1+x5BuWiwJCC26FNQ6XMYdJyAD37jBABl/Dx+7hOM="}},"MsrJPSqfoVreDepGpLY9F07IWK3qcifHoYeiV7ONkgY=":{"valueMac":{"type":"Buffer","data":"aG7Z9MqjYLUcA3ccGBn0SDxIWpdaKTvl/RxfhFK8D84="}},"YogE/8JXyjsDPyuW+5gKq8QekUDTr/EK4K7jMTMHlFw=":{"valueMac":{"type":"Buffer","data":"n+eoK6Kl6jkc6ReQ7TVyTfyK+h3Ow40XeUPkwHZt3ko="}},"JP+KaiTmwAsASZFy7CrO+M+UndiIRAuS/hvJ4CboNBA=":{"valueMac":{"type":"Buffer","data":"xbNca0OEOSmpXfhGy4EhcXkCHRLgYGEV9PBXd0Yq7GE="}},"e0bPmjCoiGx221oWDZnKELOO9QX/7JttV3a9k7NG0W4=":{"valueMac":{"type":"Buffer","data":"tDPdWlOIIiMkfJVFA9DunkZEV32VVr6bFjkL4aV7xCI="}},"6wmq1SvY1n9w7AhQfvh6djKz+kz7LXWb+vUt6Th6cOU=":{"valueMac":{"type":"Buffer","data":"AhL8Wo9KTh28j0xJ6h7+XQegFELSyi5SWucAl5doeQQ="}},"pNVlXfaBFlL+hyZzstPcNMlAIPBSNThqKM47MZg0fIU=":{"valueMac":{"type":"Buffer","data":"fFob4QX4AEYj1tJKjet4rt541dj+iXAx8V6I2+C/hxY="}},"7z7YF/J/4FkmuKH0uGkDdgsBTDRryP+pqaggD1iWjOE=":{"valueMac":{"type":"Buffer","data":"5Yzp4wi/4gWE9lfNs1P+MU9PLHyYbc3+swjrZc7RMhE="}},"bN8qC1T973Yy0z8kSgtlTqknOyTi9EhJtS72HJRCsiM=":{"valueMac":{"type":"Buffer","data":"NMZI2QBkNg/oJUbfrKtVANqKJfl0VZm84rB+Rn5/UHM="}},"tsmv708EzyYXpsucRsMJnTKHD6Z7kxXxuRagJi41IBw=":{"valueMac":{"type":"Buffer","data":"cxlCJO0SBR7ZH7lo8dlnmqVU1tkMNOqqvrDfcOIiYdw="}},"hBtarT5UdGKkrbIL4bjA/G+44QnNIGdzqvrq/k6AbLI=":{"valueMac":{"type":"Buffer","data":"/Hl7XdFF4qxOepPPYGFUOdgav8DQ1Feu2kjQxFzXlfk="}},"38JtZ08usD28tHMQe/8BN7qCWE1ntNne39Dri56Tb20=":{"valueMac":{"type":"Buffer","data":"pny6BTCT8CZtLfHhEvWNmDhdHUVqDhHElHJOVBngfUQ="}},"eY+8iL5ei6IsHnsOL5N77BhMIcf+JLgBGUs5tyPfAR0=":{"valueMac":{"type":"Buffer","data":"rwy3MYGfS3+pxfop6JFUwiF1yMSsPi4TVgqIKSJ2QBI="}},"A35XM9iTjGUdh9kuNF5bS6AQ3revslGwqj33OyV18aA=":{"valueMac":{"type":"Buffer","data":"Gm+VrALNCjUvrkhGqCCk/q4R4LnAmf31p5gWZq+6wvc="}},"RRge1ygT7iOv4uM8OIpbfm8eotJJZkw8PLG0212Bee4=":{"valueMac":{"type":"Buffer","data":"sfH65a+RYBojB7DQJnozphHzlrBJatcf29ZiiBQxBh8="}},"1gBvC6nSw6q064i3xTxkPqvwtTibpBoVX+ZvBKAHS0g=":{"valueMac":{"type":"Buffer","data":"q5VF8I3o72/LhPrhhP3ErYlnOsDnxl050rYt72exPR0="}},"9HwJ6ZbtclY49xPRbckrqe8JS6pWvtyoi25DRRZUuZ4=":{"valueMac":{"type":"Buffer","data":"bwbVA5vzlmeyScMFs/FTToPAdtBNoQKX8tmFKEkkzDM="}},"qH6H075dnAkbIjkLzf5hGov56XFj3UpgfEU30H1Nsfc=":{"valueMac":{"type":"Buffer","data":"qHcPaRWiVbh/8lki4HClQzezrfym0F8QSkFAOFCUHsw="}},"1ItKDcgtxBm0D5MKqYpQDXMPLXvJH8cpz1sq/Z4enzo=":{"valueMac":{"type":"Buffer","data":"cirzaXNYrsqlLFCRMkIR/+olB/qII1/u5hdCCkXTqt4="}},"i0RrH/yKIY3r8kkL/o6B9OC9u7SJWJmODxLaqMTr8nc=":{"valueMac":{"type":"Buffer","data":"Ue4dc3iuzed2L1tzQ7ss8DJ54Dwt83bt1uuzZlD3PD0="}},"GIBNLKM+foi0tN6X6WAMXBaqR4SZB2oxcBNR9h0WXo4=":{"valueMac":{"type":"Buffer","data":"3gzA8zsKvMCzopr0qH9KXCxhlz1885DRDLDXD6fmHgY="}},"tbi4quGf53efzSFjcjw/HX6kFlATZJ4r3KSEsnk8OBU=":{"valueMac":{"type":"Buffer","data":"yndjv7/sJhOVb3i85nSKG9yvtW5YuWE9cWPaUUfeu7s="}},"IIjKEx0Am60E4nEW/6y6js8TTWV+0NXi/NoTM8xEghM=":{"valueMac":{"type":"Buffer","data":"z0YIkHVsxsLauWX3xgBSdjnljQHoJqXTUMwJJzMwDBE="}},"lfqR/0YVhL4kjwNORAFkSrTIek1lPQxpFXLxAQbs318=":{"valueMac":{"type":"Buffer","data":"29VyUoZW5KJeQ/T6YElhzkMsoydvzcoJmZvkXawUAyY="}},"18Db7YVjdbBzPjA51/L7K+CVJ0VVnWV7MTr3wWmZHR0=":{"valueMac":{"type":"Buffer","data":"TgRlNBWatqygY9XIQbgLN7ybeywteq58xQnmygVCZt4="}},"zlwocZqvcXG9tm1onwt+HpK8ygrC2jdxAuguuJH3wdU=":{"valueMac":{"type":"Buffer","data":"4lxtUmKpX0MRJh7Yg1Y62T9nxT6FWZ6CcNnSQKc/haE="}},"rbp4JSVHKTeWVHRe2swXpCjD4iEWMjsJDm6+Y9l443s=":{"valueMac":{"type":"Buffer","data":"NgFMGaK6TgSkn/jTXEQwAg7T3CgGhXodPfHeH9sbe44="}},"UHk4IjluO13UTJ6wQub/0Ub65odOr5iTKErH7s+ZPPk=":{"valueMac":{"type":"Buffer","data":"Td4wEYyiRxqkhReVjLRB/t/b+vcyMbkunSCLfCkgydg="}},"8xJR/nc3iDfIF7YPZRBmPXpnfXHramF6ndb43oL2i0o=":{"valueMac":{"type":"Buffer","data":"RU5K4gdPXG0Nfi29szzPMFCIPSqZI7UcesYOZsfX5hM="}},"55+dx7we5NqKiSv9gtTe3kXdVFbPyXFUxR273VKiUgc=":{"valueMac":{"type":"Buffer","data":"Rs1CnMkTtkW6ddl8tjgh+H4T1YmOcVQaK2iWE974U1Q="}},"z0a1OwE7rpYiEZXbjfQGZMH34/NbbPHplmq/O4RrE5A=":{"valueMac":{"type":"Buffer","data":"F46sjH7YprKP3dh3d2cQewmwlXfYn3HelNvrWXrzqMI="}},"Cw4vVTliZb7e2pWoXRGKjYGnAfNEKY6eQ1pW0vxkKIw=":{"valueMac":{"type":"Buffer","data":"1zl4ocjXyRLL4bJq72BRkZHxofKrThZU2HS6uFIh6+o="}},"j31ho4fCxNOfPwUEto2Qn9QDSMnYsrDEzmrebK6GBZM=":{"valueMac":{"type":"Buffer","data":"E1lvEPEyKjKMUV+iq/rurvfE2kjyHT0Xin2M5514g3E="}},"NA62mJPq3q3sqOSQFtNKJgBwL8eInvpno+P1IZCm46Q=":{"valueMac":{"type":"Buffer","data":"jZJrA96LkUzR36yAJ7oDfu7BHuODf5EeBYCMCs3KTqA="}}}}