{"noiseKey":{"private":{"type":"Buffer","data":"0HEASuTqkbOTll5sqo7xRbmDIS9LexMrQiLnPfSDCE0="},"public":{"type":"Buffer","data":"US4Z7aSOHZOfmrk07ZIBmkOTTU4dT3GqMWUxH5tog3g="}},"pairingEphemeralKeyPair":{"private":{"type":"Buffer","data":"KIyYNl1j3K32FfiNuVvILiDkdpJvQ0krqa2YOcFc20c="},"public":{"type":"Buffer","data":"7evwmc3A1eXep4JIgKDUVY42m+hvCwNiADmdpA0Xfw4="}},"signedIdentityKey":{"private":{"type":"Buffer","data":"OCVkuFCO9PwkJldIOrqHufP5zCYFCzM5PMnhf/XfS2E="},"public":{"type":"Buffer","data":"1uz3FJtmeYUNUhLwX8WP2p7jegDWOG3W0GzkXE2F82U="}},"signedPreKey":{"keyPair":{"private":{"type":"Buffer","data":"mIjbb+RCQzckJv98hU0Lmm6sDz6o6rDIVZCSV9CSH18="},"public":{"type":"Buffer","data":"PCbmuOdSR4udwzIddwrehHvRxdu5Ck3uRnJ+JIOHbBE="}},"signature":{"type":"Buffer","data":"ZLbPfAEfzNRNibQRnMAPnj5Bjp7AkMM6xy2LepCieEdwzNV0sy7W1A9LXalSn1hbTTcV5MwakcCpZi3LYH4dBQ=="},"keyId":1},"registrationId":215,"advSecretKey":"0nL9lIrmIKVNY9EgADy8OFpn0FLZK2SY2dsZZ/MoR/0=","processedHistoryMessages":[{"key":{"remoteJid":"923319435865@s.whatsapp.net","fromMe":false,"id":"A57B9E7483BE9B5876EAF32D38531918","participant":"","addressingMode":"pn"},"messageTimestamp":1766559327},{"key":{"remoteJid":"923319435865@s.whatsapp.net","fromMe":false,"id":"A5C05D93B77DB982BD9F534DD9F6C3CB","participant":"","addressingMode":"pn"},"messageTimestamp":1766559327},{"key":{"remoteJid":"923319435865@s.whatsapp.net","fromMe":false,"id":"A5F507371A5D3BF9B63B6C3FC62F52B0","participant":"","addressingMode":"pn"},"messageTimestamp":1766559327},{"key":{"remoteJid":"923319435865@s.whatsapp.net","fromMe":false,"id":"A54820F7ADC02596568E0DAB0939A996","participant":"","addressingMode":"pn"},"messageTimestamp":1766559328},{"key":{"remoteJid":"923319435865@s.whatsapp.net","fromMe":false,"id":"A54D214ED6D2DB19E1BCDBBAB931B3DA","participant":"","addressingMode":"pn"},"messageTimestamp":1766559335},{"key":{"remoteJid":"923319435865@s.whatsapp.net","fromMe":false,"id":"A5EE7889533420F51E49C4A7A44E1C9D","participant":"","addressingMode":"pn"},"messageTimestamp":1766559338}],"nextPreKeyId":813,"firstUnuploadedPreKeyId":813,"accountSyncCounter":2,"accountSettings":{"unarchiveChats":false},"registered":false,"account":{"details":"CKyWtVoQ2ZyuygYYASAAKAA=","accountSignatureKey":"HOz3cT5jHkD/zcmzsEzMwKmhEwJDEvVpcSbpG4USQyo=","accountSignature":"g2CgkQiai4BV4dRJQfeWvHlffzOIN2mgeGBCMdu92ycspwNovqh93reQaN327U1bdDpzC/l6XjTAc9qD7/h1Cg==","deviceSignature":"lH75tJIcMZwapw2EmwKA/o2G02IRLLfzVo8cPbY6hQUtGENrc00Xr1qPBI4Y3nY5Wmhgb3ev0tCOLlmKl3uLDw=="},"me":{"id":"923319435865:12@s.whatsapp.net","name":"Appointment","lid":"131005662908504:12@lid"},"signalIdentities":[{"identifier":{"name":"131005662908504:12@lid","deviceId":0},"identifierKey":{"type":"Buffer","data":"BRzs93E+Yx5A/83Js7BMzMCpoRMCQxL1aXEm6RuFEkMq"}}],"platform":"smba","routingInfo":{"type":"Buffer","data":"CAUICAgC"},"lastAccountSyncTimestamp":1766559332,"lastPropHash":"PWk5B","myAppStateKeyId":"AAAAAFef"}